{"name":"t:sections.header.name","type":"header","sections":{"announcement-bar":{"type":"announcement-bar","blocks":{"announcement_BkwixF":{"type":"announcement","settings":{"text":"GET FREE DELIVERY ON ALL ORDERS OF RS 1990 AND ABOVE, WITH DELIVERY WITHIN 3-7 DAYS.","link":""}},"announcement-bar-0":{"type":"announcement","settings":{"text":"GET FREE DELIVERY ON ALL ORDERS OF RS 1990 AND ABOVE, WITH DELIVERY WITHIN 3-7 DAYS.","link":""}}},"block_order":["announcement_BkwixF","announcement-bar-0"],"settings":{"color_scheme":"accent-1","show_line_separator":true,"show_social":false,"auto_rotate":false,"change_slides_speed":5,"enable_country_selector":false,"enable_language_selector":false}},"header":{"type":"header","settings":{"logo_position":"top-center","menu":"main-menu","menu_type_desktop":"mega","sticky_header_type":"always","show_line_separator":true,"color_scheme":"background-1","menu_color_scheme":"background-1","enable_country_selector":true,"enable_language_selector":true,"mobile_logo_position":"center","margin_bottom":0,"padding_top":20,"padding_bottom":20}}},"order":["announcement-bar","header"]}