{"sections":{"main":{"type":"main-product","blocks":{"vendor":{"type":"text","settings":{"text":"{{ product.vendor }}","text_style":"uppercase"}},"title":{"type":"title","settings":{}},"price":{"type":"price","settings":{}},"variant_picker":{"type":"variant_picker","settings":{"picker_type":"button","swatch_shape":"circle"}},"quantity_selector":{"type":"quantity_selector","settings":{}},"custom_liquid_jVTbmW":{"type":"custom_liquid","settings":{"custom_liquid":"<style>.custom-checkbox:hover.custom-checkbox:after,.custom-checkbox:after{box-shadow:none}.custom-checkbox{align-items: center}<\/style>\n<div class=\"field custom-checkbox\"> \n    <input type=\"checkbox\" name=\"properties[{{ product.title }}]\"form=\"{{ 'product-form-' | append: section.id }}\" value=\"Yes\" id=\"{{-product.title-}}\" required>\n    <label style=\"margin-left: 5px;margin-bottom: 0;\" class=\"form__label\" for=\"{{-product.title-}}\">{{ product.title }}<\/label><br>\n    <script>\n    document.addEventListener(\"DOMContentLoaded\", ()=>{document.querySelector(\"form[novalidate]\").removeAttribute(\"novalidate\")})\n    <\/script>\n<\/div>"}},"buy_buttons":{"type":"buy_buttons","settings":{"show_dynamic_checkout":true,"show_gift_card_recipient":true}},"description":{"type":"description","settings":{}},"complementary_4xeifw":{"type":"complementary","settings":{"block_heading":"Pairs well with","make_collapsible_row":true,"icon":"price_tag","product_list_limit":10,"products_per_page":3,"pagination_style":"counter","image_ratio":"square","enable_quick_add":true}},"share":{"type":"share","settings":{"share_label":"Share"}}},"block_order":["vendor","title","price","variant_picker","quantity_selector","custom_liquid_jVTbmW","buy_buttons","description","complementary_4xeifw","share"],"settings":{"enable_sticky_info":true,"color_scheme":"","media_size":"large","constrain_to_viewport":true,"media_fit":"contain","gallery_layout":"stacked","media_position":"left","image_zoom":"lightbox","mobile_thumbnails":"hide","hide_variants":true,"enable_video_looping":false,"padding_top":36,"padding_bottom":12}},"quick_order_list_ff6Cry":{"type":"quick-order-list","settings":{"show_image":true,"show_sku":false,"color_scheme":"","padding_top":36,"padding_bottom":36}},"related-products":{"type":"related-products","settings":{"heading":"You may also like","heading_size":"h2","products_to_show":4,"columns_desktop":4,"color_scheme":"background-1","image_ratio":"square","image_shape":"default","show_secondary_image":true,"show_vendor":false,"show_rating":false,"columns_mobile":"2","padding_top":36,"padding_bottom":28}}},"order":["main","quick_order_list_ff6Cry","related-products"]}